Year,Mo,Dy,Tsu,EQ,Name,Location,Country,Latitude,Longitude,Elevation,Type,VEI,Agent,Num,De,Num,De,$Mill,De,Num,De,,
1900,1,22,,,*,Asama,Honshu-Japan,Japan,36.4,138.53,2560,Complex volcano,2,,25,1,,,,,,,
1900,2,16,,,*,Kirishima,Kyushu-Japan,Japan,31.93,130.87,1700,Shield volcano,2,,2,1,3,1,,,,,
1900,7,17,,,*,Adatara,Honshu-Japan,Japan,37.62,140.28,1718,Stratovolcano,2,T,72,2,10,1,,,,,
1900,,,,,*,Tullu Moje,Africa-NE,Ethiopia,8.158,39.13,2349,Pumice cone,,,,,,,,1,,,
1901,5,22,,,*,Kelut,Java,Indonesia,-7.93,112.308,1731,Stratovolcano,3,,,2,,,,,,,
1901,8,9,Tsu,Eq,*,Epi,Vanuatu-SW Pacific,Vanuatu,-16.68,168.37,833,Stratovolcano,,,,,,,,,,,
1902,5,5,Tsu,,*,Pelee,W Indies,Martinique,14.82,-61.17,1397,Stratovolcano,,,23,1,,,,,,,
1902,5,7,Tsu,,*,Soufriere St. Vincent,W Indies,St. Vincent & the Grenadines,13.33,-61.18,1220,Stratovolcano,4,P,1680,4,,3,,,,,
1902,5,8,Tsu,,*,Pelee,W Indies,Martinique,14.82,-61.17,1397,Stratovolcano,4,P,28000,4,,,,,,,
1902,5,20,Tsu,,*,Pelee,W Indies,Martinique,14.82,-61.17,1397,Stratovolcano,,,,,,,,,,,
1902,8,7,,,*,Tori-shima,Izu Is-Japan,Japan,30.48,140.32,403,Stratovolcano,3,,125,3,,,,,,,
1902,8,30,Tsu,,*,Pelee,W Indies,Martinique,14.82,-61.17,1397,Stratovolcano,4,P,1500,3,,,,,,,
1902,10,24,,,*,Santa Maria,Guatemala,Guatemala,14.756,-91.552,3772,Stratovolcano,6,"T,G",1500,4,,,,2,,2,
1902,12,,,,*,Merapi,Java,Indonesia,-7.542,110.442,2947,Stratovolcano,2,P,16,1,45,1,,,,2,
1903,8,30,,,*,Okataina,New Zealand,New Zealand,-38.12,176.5,1111,Lava dome,1,T,4,1,,,,,,,
1903,,,,,*,Karthala,Indian O-W,Comoros,-11.75,43.38,2361,Shield volcano,,G,17,1,,,,,,,
1904,2,25,,,*,Karthala,Indian O-W,Comoros,-11.75,43.38,2361,Shield volcano,2,L,1,1,,,,1,,,
1905,3,10,,,*,Vesuvius,Italy,Italy,40.821,14.426,1281,Complex volcano,2,T,1,1,1,1,,,,,
1905,8,4,Tsu,,*,Savai'i,Samoa-SW Pacific,Samoa,-13.612,-172.525,1858,Shield volcano,2,,,,,,,3,,3,
1906,4,4,Tsu,,*,Vesuvius,Italy,Italy,40.821,14.426,1281,Complex volcano,3,"T,L",350,3,300,3,,,,,
1907,7,,Tsu,,*,Unnamed,Tonga-SW Pacific,Tonga,-21.38,-175.65,-500,Submarine volcano,0,,,,,,,,,,
1907,8,4,,,*,Alayta,Africa-NE,Ethiopia,12.88,40.57,1501,Shield volcano,2,,,1,,,,,,,
1907,9,28,,,*,Lewotobi,Lesser Sunda Is,Indonesia,-8.53,122.775,1703,Stratovolcano,2,,1,1,,1,,,,,
1907,10,6,Tsu,,*,Savai'i,Samoa-SW Pacific,Samoa,-13.612,-172.525,1858,Shield volcano,,,,,,,,3,,3,
1909,4,28,,Eq,*,"Cameroon, Mt.",Africa-W,Cameroon,4.203,9.17,4095,Stratovolcano,2,,,,,,,,,,
1909,9,,,,*,Semeru,Java,Indonesia,-8.108,112.92,3676,Stratovolcano,2,m,221,3,,,,,,,
1910,3,20,,,*,Taupo,New Zealand,New Zealand,-38.82,176,760,Caldera,,m,1,1,,,,,,,
1910,7,25,,,*,Usu,Hokkaido-Japan,Japan,42.53,140.83,731,Stratovolcano,2,M,1,1,,,,,,,
1911,1,30,Tsu,Eq,*,Taal,Luzon-Philippines,Philippines,14.002,120.993,400,Stratovolcano,4,"P,W",1335,4,199,3,,3,543,3,
1911,5,8,,,*,Asama,Honshu-Japan,Japan,36.4,138.53,2560,Complex volcano,2,,1,1,,,,,60,2,
1911,8,15,,,*,Asama,Honshu-Japan,Japan,36.4,138.53,2560,Complex volcano,2,,,3,,,,,,,
1911,11,3,Tsu,,*,Piparo,Trinidad,Trinidad ,10,-61,140,Mud volcano,,,,,,,,,,,
1911,11,8,,,*,Semeru,Java,Indonesia,-8.108,112.92,3676,Stratovolcano,3,,,,,,,1,,,
1912,9,6,,,*,Novarupta,Alaska Peninsula,United States,58.27,-155.16,841,Caldera,6,T,2,1,,,,,,,
1912,12,3,,,*,Nyamuragira,Africa-C,"Congo, DRC",-1.408,29.2,3058,Shield volcano,3,L,20,1,,,,,,,
1913,1,20,,,*,Colima,Mexico,Mexico,19.514,-103.62,3850,Stratovolcano,4,"P,m",13,1,,,,,,,
1913,3,14,Tsu,Eq,*,Awu,Sangihe Is-Indonesia,Indonesia,3.67,125.5,1320,Stratovolcano,2,,,,,,,,,,
1913,5,29,,,*,Asama,Honshu-Japan,Japan,36.4,138.53,2560,Complex volcano,1,T,1,1,,,,,,,
1913,6,23,,,*,Semeru,Java,Indonesia,-8.108,112.92,3676,Stratovolcano,2,,,,,,,1,,,
1913,12,6,,,*,Ambrym,Vanuatu-SW Pacific,Vanuatu,-16.25,168.12,1334,Pyroclastic shield,3,T,21,1,,,,3,,,
1914,1,12,Tsu,Eq,*,Sakura-jima,Kyushu-Japan,Japan,31.58,130.67,1117,Stratovolcano,4,"I,S,A,T",28,1,,3,0.04,1,2148,3,
1914,1,18,,,*,Pago,New Britain-SW Pac,Papua New Guinea,-5.58,150.52,742,Caldera,3,I,,1,,,,,,,
1914,9,10,,,*,White Island,New Zealand,New Zealand,-37.52,177.18,321,Stratovolcano,,A,11,1,,,,,,,
1914,,,,,*,Aoba,Vanuatu-SW Pacific,Vanuatu,-15.4,167.83,1496,Shield volcano,,L,100,2,,,,,,,
1916,3,3,,,*,Tungurahua,Ecuador,Ecuador,-1.467,-78.442,5023,Stratovolcano,4,,,,,,,,,,
1916,7,3,Tsu,,*,Stromboli,Italy,Italy,38.789,15.213,926,Stratovolcano,3,,,,,,,,,,
1917,1,1,,,*,"Lengai, Ol Doinyo",Africa-E,Tanzania,-2.751,35.902,2890,Stratovolcano,3,,,,,,,1,,,
1917,4,1,,,*,Okataina,New Zealand,New Zealand,-38.12,176.5,1111,Lava dome,1,T,2,1,3,1,,,,,
1917,4,,,,*,Calbuco,Chile-S,Chile,-41.326,-72.614,2003,Stratovolcano,3,,,,,,,,,,
1917,6,7,,Eq,*,San Salvador,El Salvador,El Salvador,13.736,-89.286,1893,Stratovolcano,3,"S,L",325,3,,,,,,,
1918,7,18,Tsu,,*,Banua Wuhu,Sangihe Is-Indonesia,Indonesia,3.138,125.491,-5,Submarine volcano,3,,,,,,,,,,
1918,10,12,,,*,Katla,Iceland-S,Iceland,63.63,-19.05,1512,Subglacial volcano,4,,,,,,,1,,,
1919,2,19,,,*,Popocatepetl,Mexico,Mexico,19.023,-98.622,5426,Stratovolcano,1,A,,2,,,,,,,
1919,4,3,Tsu,,*,Banua Wuhu,Sangihe Is-Indonesia,Indonesia,3.138,125.491,-5,Submarine volcano,,,,,,,,1,,,
1919,5,19,,,*,Kelut,Java,Indonesia,-7.93,112.308,1731,Stratovolcano,4,M,5110,4,,,,,9000,3,
1919,5,22,Tsu,,*,Stromboli,Italy,Italy,38.789,15.213,926,Stratovolcano,3,T,4,1,,3,,,10,1,
1919,7,6,,,*,Nasu,Honshu-Japan,Japan,37.12,139.97,1917,Stratovolcano,,G,2,1,,,,,,,
1919,9,29,Tsu,,*,Mauna Loa,Hawaiian Is,United States,19.475,-155.608,4170,Shield volcano,0,,,,,,,,,,
1920,7,25,,,*,Merapi,Java,Indonesia,-7.542,110.442,2947,Stratovolcano,3,P,33,1,,,,,,,
1920,10,29,,,*,Izalco,El Salvador,El Salvador,13.813,-89.633,1950,Stratovolcano,3,P,,1,,,,,,,
1921,11,26,,,*,Nasu,Honshu-Japan,Japan,37.12,139.97,1917,Stratovolcano,,G,1,1,,,,,,,
1923,3,11,,,*,Papandayan,Java,Indonesia,-7.32,107.73,2665,Stratovolcano,1,G,1,1,,,,,,,
1923,6,,,,*,Tangkubanparahu,Java,Indonesia,-6.77,107.6,2084,Stratovolcano,,G,3,1,,,,,,,
1923,7,1,,,*,Kirishima,Kyushu-Japan,Japan,31.93,130.87,1700,Shield volcano,2,,1,1,,,,,,,
1924,5,10,,,*,Kilauea,Hawaiian Is,United States,19.425,-155.292,1222,Shield volcano,2,T,1,1,,,,,,,
1926,5,24,,,*,Tokachi,Hokkaido-Japan,Japan,43.42,142.68,2077,Stratovolcano,3,"M,T",144,3,207,3,,,5080,3,
1927,8,7,Tsu,,*,Paluweh,Lesser Sunda Is,Indonesia,-8.32,121.708,875,Stratovolcano,,,,,,,,,,,
1927,9,5,,,*,Esjufjoll,Iceland-SE,Iceland,64.27,-16.65,1760,Stratovolcano,1,M,1,1,,,,,,,
1928,1,23,,,*,Santorini,Greece,Greece,36.404,25.396,329,Shield volcano,2,S,48,1,,,,,,,
1928,1,,,,*,Mayon,Luzon-Philippines,Philippines,13.257,123.685,2462,Stratovolcano,3,P,,1,,,,,,,
1928,3,28,Tsu,,*,Krakatau,Indonesia,Indonesia,-6.102,105.423,813,Caldera,,,,,,,,,,,
1928,5,13,,,*,Dieng Volc Complex,Java,Indonesia,-7.2,109.92,2565,Complex volcano,2,T,40,1,,,,,,,
1928,8,4,Tsu,,*,Paluweh,Lesser Sunda Is,Indonesia,-8.32,121.708,875,Stratovolcano,3,"W,T",98,2,,,,,,,
1928,11,2,,,*,Etna,Italy,Italy,37.734,15.004,3350,Stratovolcano,1,L,5,1,,,,,,,
1929,1,6,,,*,Calbuco,Chile-S,Chile,-41.326,-72.614,2003,Stratovolcano,3,,,,,,,,,,
1929,6,17,,,*,Komaga-take,Hokkaido-Japan,Japan,42.07,140.68,1140,Stratovolcano,4,T,2,1,4,1,,,,,
1929,8,2,,,*,Etna,Italy,Italy,37.734,15.004,3350,Stratovolcano,2,T,2,1,,,,,,,
1929,11,2,,,*,Santa Maria,Guatemala,Guatemala,14.756,-91.552,3772,Stratovolcano,3,"P,M",200,3,,,,,,,
1930,3,17,Tsu,,*,Krakatau,Indonesia,Indonesia,-6.102,105.423,813,Caldera,2,,,,,,,,,,
1930,8,20,,,*,Asama,Honshu-Japan,Japan,36.4,138.53,2560,Complex volcano,3,T,6,1,,,,,,,
1930,9,11,Tsu,,*,Stromboli,Italy,Italy,38.789,15.213,926,Stratovolcano,3,P,5,1,20,1,,2,,,
1930,11,25,,,*,Merapi,Java,Indonesia,-7.542,110.442,2947,Stratovolcano,3,P,1369,4,,,,3,1109,3,
1931,8,20,,,*,Asama,Honshu-Japan,Japan,36.4,138.53,2560,Complex volcano,3,,3,1,,,,,,,
1932,1,21,,,*,Fuego,Guatemala,Guatemala,14.473,-90.88,3763,Stratovolcano,4,,,1,,,,,,,
1932,2,,,,*,Merapi,Java,Indonesia,-7.542,110.442,2947,Stratovolcano,,m,,1,,,,,,,
1932,10,1,,,*,Kusatsu-Shirane,Honshu-Japan,Japan,36.62,138.55,2176,Stratovolcano,3,M,2,1,7,1,,,,,
1933,1,8,Tsu,Eq,*,Kharimkotan,Kuril Is,Russia,49.12,154.508,1145,Stratovolcano,3,W,,,,,,,,,
1933,5,10,,,*,Hakone,Honshu-Japan,Japan,35.22,139.02,1438,Complex volcano,,G,1,1,,,,,,,
1933,12,24,,,*,Kuchinoerabu-jima,Ryukyu Is,Japan,30.43,130.22,649,Stratovolcano,4,T,8,1,26,1,,,,,
1933,12,25,Tsu,,*,Bulusan,Luzon-Philippines,Philippines,12.77,124.05,1565,Stratovolcano,2,,,,,,,,,,
1934,,,,,*,Hood,US-Oregon,United States,45.374,-121.694,3426,Stratovolcano,,G,1,1,,,,,,,
1936,2,,,,*,Asama,Honshu-Japan,Japan,36.4,138.53,2560,Complex volcano,3,"P,T",2,1,,,,,,,
1937,2,9,,,*,Llaima,Chile-C,Chile,-38.692,-71.729,3125,Stratovolcano,2,F,3,1,,,,,,,
1937,5,29,Tsu,Eq,*,Rabaul,New Britain-SW Pac,Papua New Guinea,-4.271,152.203,688,Pyroclastic shield,4,"P,T,W,I",507,3,,,,1,,1,
1938,1,28,Tsu,,*,Nyamuragira,Africa-C,"Congo, DRC",-1.408,29.2,3058,Shield volcano,1,,,,,,,1,,,
1938,5,9,,,*,Bandai,Honshu-Japan,Japan,37.6,140.08,1819,Stratovolcano,,m,2,1,,,,,,,
1938,6,5,,,*,Mayon,Luzon-Philippines,Philippines,13.257,123.685,2462,Stratovolcano,2,,,1,,,,,,,
1938,7,16,,,*,Asama,Honshu-Japan,Japan,36.4,138.53,2560,Complex volcano,1,T,,1,,,,,,,
1939,8,17,,,*,Tori-shima,Izu Is-Japan,Japan,30.48,140.32,403,Stratovolcano,2,,2,1,,,,,,,
1939,10,13,,,*,Dieng Volc Complex,Java,Indonesia,-7.2,109.92,2565,Complex volcano,1,T,10,1,,,,1,,,
1940,6,20,,,*,Karangetang [Api Siau],Sangihe Is-Indonesia,Indonesia,2.78,125.48,1784,Stratovolcano,2,,1,1,2,1,,,,,
1940,7,12,,,*,Miyake-jima,Izu Is-Japan,Japan,34.08,139.53,815,Stratovolcano,2,L,11,1,20,1,,,,,
1940,7,24,,,*,"Lengai, Ol Doinyo",Africa-E,Tanzania,-2.751,35.902,2890,Stratovolcano,2,,,,,,,1,,,
1941,7,13,,,*,Asama,Honshu-Japan,Japan,36.4,138.53,2560,Complex volcano,2,T,1,1,1,1,,,,,
1941,9,21,,,*,Semeru,Java,Indonesia,-8.108,112.92,3676,Stratovolcano,2,,,,,,,1,,,
1943,2,20,,,*,Michoacan-Guanajuato,Mexico,Mexico,19.48,-102.25,3860,Cinder cone,4,E,3,1,,,,,,,
1943,4,13,,,*,"Azul, Cerro",Galapagos,Ecuador,-0.9,-91.42,1690,Shield volcano,3,T,1,1,,,,,,,
1944,3,27,,,*,Vesuvius,Italy,Italy,40.821,14.426,1281,Complex volcano,2,"T,L,I",27,1,,,,,,,
1944,6,10,,,*,Cleveland,Aleutian Is,United States,52.82,-169.95,1730,Stratovolcano,3,T,1,1,,,,,,,
1944,6,23,,,*,Usu,Hokkaido-Japan,Japan,42.53,140.83,731,Stratovolcano,2,T,1,1,,,,,,,
1944,8,20,Tsu,,*,Stromboli,Italy,Italy,38.789,15.213,926,Stratovolcano,2,,,,,,,,,,
1944,8,26,,,*,Usu,Hokkaido-Japan,Japan,42.53,140.83,731,Stratovolcano,2,G,1,1,,,,,,,
1944,12,4,,,*,Dieng Volc Complex,Java,Indonesia,-7.2,109.92,2565,Complex volcano,2,T,117,3,250,3,,,,,
1946,1,,,,*,Sakura-jima,Kyushu-Japan,Japan,31.58,130.67,1117,Stratovolcano,2,,1,1,,,,,,,
1946,2,,,,*,Semeru,Java,Indonesia,-8.108,112.92,3676,Stratovolcano,2,F,6,1,,,,2,81,2,
1946,10,29,,,*,Semeru,Java,Indonesia,-8.108,112.92,3676,Stratovolcano,2,,,,,,,1,,,
1947,1,7,,,*,Mayon,Luzon-Philippines,Philippines,13.257,123.685,2462,Stratovolcano,2,,,1,,,,,,,
1947,7,6,,,*,Asama,Honshu-Japan,Japan,36.4,138.53,2560,Complex volcano,2,,11,1,,,,,,,
1947,9,16,,,*,Akagi,Honshu-Japan,Japan,36.53,139.18,1828,Stratovolcano,,m,699,3,,,,,,,
1947,11,2,,,*,Hekla,Iceland-S,Iceland,63.98,-19.7,1491,Stratovolcano,4,L,1,1,,,,,,,
1948,4,7,,,*,Iliwerung,Lesser Sunda Is,Indonesia,-8.54,123.59,1018,Complex volcano,2,,,,,,,2,,,
1949,1,1,,,*,Villarrica,Chile-C,Chile,-39.42,-71.93,2847,Stratovolcano,3,M,54,2,,,,2,,,
1949,5,26,,,*,Purace,Colombia,Colombia,2.32,-76.4,4650,Stratovolcano,2,T,17,1,,,,,,,
1949,6,,,,*,Camiguin,Mindanao-Philippines,Philippines,9.203,124.673,1332,Stratovolcano,3,P,2,1,,,,,,,
1950,8,28,,,*,Semeru,Java,Indonesia,-8.108,112.92,3676,Stratovolcano,1,P,6,1,,,,,,,
1950,9,15,,,*,Camiguin,Mindanao-Philippines,Philippines,9.203,124.673,1332,Stratovolcano,3,P,68,2,,,,,,,
1950,9,23,,,*,Asama,Honshu-Japan,Japan,36.4,138.53,2560,Complex volcano,2,T,1,1,1,1,,,,1,
1951,1,15,,,*,Lamington,New Guinea,Papua New Guinea,-8.95,148.15,1680,Stratovolcano,4,P,2942,4,,2,,,,,
1951,8,3,Tsu,Eq,*,Cosiguina,Nicaragua,Nicaragua,12.98,-87.57,872,Stratovolcano,,,,,,,,,,,
1951,8,31,,,*,Kelut,Java,Indonesia,-7.93,112.308,1731,Stratovolcano,3,,7,1,,,,,,,
1951,11,5,,,*,Hakone,Honshu-Japan,Japan,35.22,139.02,1438,Complex volcano,,G,2,1,,,,,,,
1951,12,4,,,*,Camiguin,Mindanao-Philippines,Philippines,9.203,124.673,1332,Stratovolcano,3,P,500,3,,,,,,,
1951,,,Tsu,,*,Kavachi,Solomon Is-SW Pacifi,Solomon Is.,-9.02,157.95,-20,Submarine volcano,2,,,,,,,,,,
1952,3,27,,,*,Hakone,Honshu-Japan,Japan,35.22,139.02,1438,Complex volcano,,G,1,1,,,,,,,
1952,9,16,Tsu,,*,Myojun Knoll,Izu Is-Japan,Japan,32.1,139.85,360,Submarine volcano,2,,,,,,,,,,
1952,9,23,Tsu,,*,Myojun Knoll,Izu Is-Japan,Japan,32.1,139.85,360,Submarine volcano,2,,,,,,,,,,
1952,9,24,Tsu,,*,Myojun Knoll,Izu Is-Japan,Japan,32.1,139.85,360,Submarine volcano,2,P,31,1,,,,1,,,
1952,9,26,Tsu,,*,Myojun Knoll,Izu Is-Japan,Japan,32.1,139.85,360,Submarine volcano,2,,,,,,,,,,
1952,,,,,*,Ambalatungan Group,Luzon-Philippines,Philippines,17.32,121.1,2329,Compound volcano,1,,12,1,,,,,,,
1953,3,11,Tsu,,*,Myojun Knoll,Izu Is-Japan,Japan,32.1,139.85,360,Submarine volcano,2,,,,,,,,,,
1953,3,23,,,*,Merapi,Java,Indonesia,-7.542,110.442,2947,Stratovolcano,3,P,64,2,57,2,,2,144,3,
1953,3,25,Tsu,,*,Myojun Knoll,Izu Is-Japan,Japan,32.1,139.85,360,Submarine volcano,2,,,,,,,,,,
1953,4,27,,,*,Aso,Kyushu-Japan,Japan,32.88,131.1,1592,Caldera,2,T,6,1,,,,,,,
1953,6,27,Tsu,,*,St. Andrew Strait,Admiralty Is-SW Paci,Papua New Guinea,-2.38,147.35,270,Complex volcano,0,,,,,,,,,,
1953,6,,,,*,Sirung,Lesser Sunda Is,Indonesia,-8.51,124.148,862,Complex volcano,0,,5,1,1,1,,,,,
1953,7,26,,,*,Hakone,Honshu-Japan,Japan,35.22,139.02,1438,Complex volcano,,A,10,1,,,,,,,
1953,10,5,,,*,Oshima,Izu Is-Japan,Japan,34.73,139.38,758,Stratovolcano,1,,1,1,,,,,,,
1953,12,24,,,*,Ruapehu,New Zealand,New Zealand,-39.28,175.57,2797,Stratovolcano,,m,151,3,,,,,,,
1954,2,,Tsu,,*,Stromboli,Italy,Italy,38.789,15.213,926,Stratovolcano,,,,,,,,,,,
1954,7,21,,,*,Tate-yama,Honshu-Japan,Japan,36.57,137.6,2621,Stratovolcano,,G,1,1,,,,,,,
1954,8,3,,,*,Bam,New Guinea-NE of,Papua New Guinea,-3.6,144.85,685,Stratovolcano,2,I,25,1,,2,,,,,
1954,,,,,*,Camiguin,Mindanao-Philippines,Philippines,9.203,124.673,1332,Stratovolcano,,m,2,1,,,,,,,
1955,7,26,,,*,Carran-Los Venados,Chile-C,Chile,-40.35,-72.07,1114,Pyroclastic cone,4,G,2,1,,,,,,,
1955,10,13,,,*,Sakura-jima,Kyushu-Japan,Japan,31.58,130.67,1117,Stratovolcano,3,,,1,,,,,,,
1956,3,30,Tsu,,*,Bezymianny,Kamchatka,Russia,55.978,160.587,2882,Stratovolcano,5,,,,,,,,,,
1957,3,11,,Eq,*,Vsevidof,Aleutian Is,United States,53.13,-168.68,2149,Stratovolcano,2,,,,,,,,,,
1957,7,,,,*,Unzen,Kyushu-Japan,Japan,32.75,130.3,1500,Complex volcano,,m,13,1,,,,,,,
1957,8,,,,*,Oshima,Izu Is-Japan,Japan,34.73,139.38,758,Stratovolcano,2,T,1,1,53,2,,,,,
1957,10,,,,*,Aso,Kyushu-Japan,Japan,32.88,131.1,1592,Caldera,2,T,12,1,,,,,,,
1958,7,12,,,*,Mahawu,Sulawesi-Indonesia,Indonesia,1.358,124.858,1324,Stratovolcano,2,M,1,1,10,1,,,,,
1958,7,21,,,*,Daisetsu,Hokkaido-Japan,Japan,43.68,142.88,2290,Stratovolcano,,G,2,1,,,,,,,
1958,10,7,Tsu,,*,Kuwae,Vanuatu-SW Pacific,Vanuatu,-16.829,168.536,-2,Caldera,2,,,,,,,,,,
1960,5,25,Tsu,Eq,*,Puyehue,Chile-C,Chile,-40.59,-72.117,2236,Stratovolcano,3,,,,,,,,,,
1961,1,25,,,*,Calbuco,Chile-S,Chile,-41.326,-72.614,2003,Stratovolcano,3,,,,,,,1,,,
1961,4,23,,,*,Tate-yama,Honshu-Japan,Japan,36.57,137.6,2621,Stratovolcano,,G,1,1,,,,,,,
1961,5,8,,,*,Merapi,Java,Indonesia,-7.542,110.442,2947,Stratovolcano,3,P,6,1,6,1,,2,,3,
1961,6,18,,,*,Daisetsu,Hokkaido-Japan,Japan,43.68,142.88,2290,Stratovolcano,,G,2,1,,,,,,,
1961,8,18,,,*,Asama,Honshu-Japan,Japan,36.4,138.53,2560,Complex volcano,2,T,1,1,,,,,,,
1962,6,29,,,*,Tokachi,Hokkaido-Japan,Japan,43.42,142.68,2077,Stratovolcano,3,T,5,1,11,1,,,,,
1962,10,,,,*,Merapi,Java,Indonesia,-7.542,110.442,2947,Stratovolcano,,m,2,1,,,,,,,
1962,12,31,,,*,Gamalama,Halmahera-Indonesia,Indonesia,0.8,127.325,1715,Stratovolcano,2,,5,1,5,1,,,,,
1963,3,17,Tsu,,*,Agung,Lesser Sunda Is,Indonesia,-8.342,115.508,3142,Stratovolcano,4,"P,T,M,A",1028,4,624,3,,,,,
1963,3,17,,,*,Irazu,Costa Rica,Costa Rica,9.979,-83.852,3432,Stratovolcano,3,T,15,1,,,,,,,
1963,5,5,,,*,Semeru,Java,Indonesia,-8.108,112.92,3676,Stratovolcano,2,T,1,1,,,,,,,
1963,5,16,,Eq,*,Agung,Lesser Sunda Is,Indonesia,-8.342,115.508,3142,Stratovolcano,3,,120,2,,,,,,,
1963,5,21,,,*,Villarrica,Chile-C,Chile,-39.42,-71.93,2847,Stratovolcano,2,M,,1,,,,,,,
1963,9,5,,,*,Batur,Lesser Sunda Is,Indonesia,-8.242,115.375,1717,Caldera,2,,2,1,,,,,,1,
1963,9,28,,,*,Fuego,Guatemala,Guatemala,14.473,-90.88,3763,Stratovolcano,3,M,7,1,,,,,,,
1963,12,10,,,*,Irazu,Costa Rica,Costa Rica,9.979,-83.852,3432,Stratovolcano,3,"M,T",40,1,,1,,,400,3,
1964,1,1,,,*,Paluweh,Lesser Sunda Is,Indonesia,-8.32,121.708,875,Stratovolcano,2,,1,1,3,1,,,,,
1964,3,3,,,*,Villarrica,Chile-C,Chile,-39.42,-71.93,2847,Stratovolcano,2,M,25,1,,,,,,,
1964,12,13,,,*,Dieng Volc Complex,Java,Indonesia,-7.2,109.92,2565,Complex volcano,1,,114,3,,,,,,,
1965,9,28,Tsu,,*,Taal,Luzon-Philippines,Philippines,14.002,120.993,400,Stratovolcano,4,"P,W",355,3,,,,1,,1,
1966,1,13,Tsu,,*,Tinakula,Santa Cruz Is-SW Pac,Solomon Is.,-10.38,165.8,851,Stratovolcano,3,,,,,,,,,,
1966,4,26,,,*,Kelut,Java,Indonesia,-7.93,112.308,1731,Stratovolcano,4,"M,m,P",215,3,86,2,,,,,
1966,8,12,,,*,Awu,Sangihe Is-Indonesia,Indonesia,3.67,125.5,1320,Stratovolcano,4,"P,M,I",39,1,1000,3,,,,2,
1966,8,14,,,*,"Lengai, Ol Doinyo",Africa-E,Tanzania,-2.751,35.902,2890,Stratovolcano,4,,,,,,,1,,,
1967,7,8,,,*,"Lengai, Ol Doinyo",Africa-E,Tanzania,-2.751,35.902,2890,Stratovolcano,3,,,,,,,1,,,
1967,8,31,,,*,Semeru,Java,Indonesia,-8.108,112.92,3676,Stratovolcano,3,M,3,1,,,,1,,,
1967,12,4,Tsu,,*,Deception Island,Antarctica,Antarctica,-62.97,-60.65,576,Caldera,3,,,,,,,,,,
1968,4,21,,,*,Mayon,Luzon-Philippines,Philippines,13.257,123.685,2462,Stratovolcano,3,"M,P",6,1,,,,,,,
1968,7,29,,,*,Arenal,Costa Rica,Costa Rica,10.463,-84.703,1657,Stratovolcano,3,"P,T",80,2,,,,,,,
1969,1,7,,,*,Merapi,Java,Indonesia,-7.542,110.442,2947,Stratovolcano,2,P,3,1,,,,,,,
1969,1,28,,,*,Iya,Lesser Sunda Is,Indonesia,-8.88,121.63,637,Stratovolcano,3,"T,m",2,1,10,1,,,287,2,
1969,3,21,Tsu,,*,Didicas,Luzon-N of,Philippines,19.077,122.202,244,Compound volcano,2,W,,,,,,,,,
1969,8,26,,,*,Narugo,Honshu-Japan,Japan,38.73,140.73,462,Caldera,,G,1,1,,,,,,,
1970,3,2,,,*,Campi Flegrei,Italy,Italy,40.827,14.139,458,Caldera,,S,3,1,,,,1,,1,
1970,5,5,,,*,Hekla,Iceland-S,Iceland,63.98,-19.7,1491,Stratovolcano,3,,,,,,,1,,,
1971,8,12,,,*,"Hudson, Cerro",Chile-S,Chile,-45.9,-72.97,1905,Stratovolcano,3,M,5,1,,,,,,,
1971,9,6,Tsu,,*,Tinakula,Santa Cruz Is-SW Pac,Solomon Is.,-10.38,165.8,851,Stratovolcano,2,,,,,,,,,,
1971,9,14,,,*,Fuego,Guatemala,Guatemala,14.473,-90.88,3763,Stratovolcano,3,"M,T",10,1,,,,,,,
1971,10,26,,,*,La Palma,Canary Is,Spain,28.58,-17.83,2426,Stratovolcano,2,,,1,,,,1,,,
1971,10,29,,,*,Villarrica,Chile-C,Chile,-39.42,-71.93,2847,Stratovolcano,2,M,15,1,,,,,,,
1971,12,27,,,*,Kusatsu-Shirane,Honshu-Japan,Japan,36.62,138.55,2176,Stratovolcano,,G,6,1,,,,,,,
1972,6,9,,,*,"Fournaise, Piton de la",Indian O-W,Reunion,-21.229,55.713,2631,Shield volcano,2,I,3,1,,,,,,,
1972,10,2,,,*,Hakone,Honshu-Japan,Japan,35.22,139.02,1438,Complex volcano,,,2,1,,,,,,,
1972,10,9,Tsu,,*,Ritter Island,New Guinea-NE of,Papua New Guinea,-5.52,148.121,140,Stratovolcano,1,,,,,,,,,,
1973,1,27,,,*,Vestmannaeyjar,Iceland-S,Iceland,63.43,-20.28,279,Submarine volcano,3,G,1,1,,,,,,,
1973,1,,,,*,Paluweh,Lesser Sunda Is,Indonesia,-8.32,121.708,875,Stratovolcano,3,,,,,,,1,,1,
1973,4,5,,,*,"Hudson, Cerro",Chile-S,Chile,-45.9,-72.97,1905,Stratovolcano,,M,2,1,,,,1,,1,
1973,12,5,,,*,Iliwerung,Lesser Sunda Is,Indonesia,-8.54,123.59,1018,Complex volcano,2,W,2,1,,,,,,,
1974,2,11,,,*,Karangetang [Api Siau],Sangihe Is-Indonesia,Indonesia,2.78,125.48,1784,Stratovolcano,3,A,4,1,,,,,,,
1974,6,17,,,*,Sakura-jima,Kyushu-Japan,Japan,31.58,130.67,1117,Stratovolcano,3,M,3,1,,,,,,,
1974,7,28,,,*,Niigata-Yake-yama,Honshu-Japan,Japan,36.92,138.03,2400,Lava dome,2,T,3,1,,,,,,,
1974,8,9,,,*,Sakura-jima,Kyushu-Japan,Japan,31.58,130.67,1117,Stratovolcano,3,M,5,1,,,,,,,
1974,10,10,,,*,Fuego,Guatemala,Guatemala,14.473,-90.88,3763,Stratovolcano,4,"T,M",,1,,,,,,,
1974,10,17,Tsu,,*,Ritter Island,New Guinea-NE of,Papua New Guinea,-5.52,148.121,140,Stratovolcano,1,,,,,,,,,,
1974,10,22,,,*,Merapi,Java,Indonesia,-7.542,110.442,2947,Stratovolcano,2,M,9,1,,,,,6,1,
1975,1,,,,*,Marapi,Sumatra,Indonesia,-0.381,100.473,2891,Complex volcano,2,M,80,2,,,,3,,3,
1975,6,17,,,*,Arenal,Costa Rica,Costa Rica,10.463,-84.703,1657,Stratovolcano,3,,2,1,,1,,,,,
1975,11,29,Tsu,Eq,*,Kilauea,Hawaiian Is,United States,19.425,-155.292,1222,Shield volcano,0,W,,,,,,,,,
1976,8,3,,,*,Kusatsu-Shirane,Honshu-Japan,Japan,36.62,138.55,2176,Stratovolcano,,G,3,1,,,,,,,
1976,8,12,,,*,Sangay,Ecuador,Ecuador,-2.03,-78.33,5230,Stratovolcano,3,T,2,1,4,1,,,,,
1976,8,31,,,*,Semeru,Java,Indonesia,-8.108,112.92,3676,Stratovolcano,2,M,119,3,,,,,,,
1976,9,15,,,*,Karangetang [Api Siau],Sangihe Is-Indonesia,Indonesia,2.78,125.48,1784,Stratovolcano,2,P,1,1,1,1,,,24,1,
1976,11,25,,,*,Merapi,Java,Indonesia,-7.542,110.442,2947,Stratovolcano,2,M,29,1,,,,,,,
1977,1,10,,,*,Nyiragongo,Africa-C,"Congo, DRC",-1.52,29.25,3470,Stratovolcano,1,L,,2,,,,3,,,
1977,4,5,,,*,Karthala,Indian O-W,Comoros,-11.75,43.38,2361,Shield volcano,0,,,1,,,,1,,,
1977,4,27,,,*,Krafla,Iceland-NE,Iceland,65.73,-16.78,650,Caldera,1,,,,,,,1,,,
1977,8,2,,,*,Kliuchevskoi,Kamchatka,Russia,56.057,160.638,4835,Stratovolcano,3,T,1,1,,,,,,,
1977,8,7,,,*,Usu,Hokkaido-Japan,Japan,42.53,140.83,731,Stratovolcano,3,I,3,1,,,,,,,
1978,1,13,,,*,Usu,Hokkaido-Japan,Japan,42.53,140.83,731,Stratovolcano,3,m,3,1,2,1,,,,,
1978,7,29,,,*,Bulusan,Luzon-Philippines,Philippines,12.77,124.05,1565,Stratovolcano,2,,,,,,,1,,,
1978,9,2,,,*,Santa Maria,Guatemala,Guatemala,14.756,-91.552,3772,Stratovolcano,3,M,1,1,,,,,,,
1978,9,19,,,*,Semeru,Java,Indonesia,-8.108,112.92,3676,Stratovolcano,3,M,12,1,,,,,,,
1978,,,,,*,Tangkubanparahu,Java,Indonesia,-6.77,107.6,2084,Stratovolcano,,I,3,1,,,,,,,
1979,2,20,,,*,Dieng Volc Complex,Java,Indonesia,-7.2,109.92,2565,Complex volcano,1,G,149,3,,,,,,,
1979,3,8,,,*,Karkar,New Guinea-NE of,Papua New Guinea,-4.649,145.964,1839,Stratovolcano,2,P,2,1,,,,,,,
1979,4,13,,,*,Soufriere St. Vincent,W Indies,St. Vincent & the Grenadines,13.33,-61.18,1220,Stratovolcano,3,"T,P",2,1,,,,,,,
1979,7,5,,,*,Etna,Italy,Italy,37.734,15.004,3350,Stratovolcano,2,T,9,1,23,1,,,,,
1979,9,6,,,*,Aso,Kyushu-Japan,Japan,32.88,131.1,1592,Caldera,2,T,3,1,11,1,,,,,
1979,,,,,*,Iliwerung,Lesser Sunda Is,Indonesia,-8.54,123.59,1018,Complex volcano,0,,,,,,,,,,
1980,5,18,Tsu,Eq,*,St. Helens,US-Washington,United States,46.2,-122.18,2549,Stratovolcano,5,"P,M,T",57,2,,,2000,4,,,20
1980,8,17,,,*,Hekla,Iceland-S,Iceland,63.98,-19.7,1491,Stratovolcano,3,,,,,,,1,,,
1980,12,25,,,*,Hood,US-Oregon,United States,45.374,-121.694,3426,Stratovolcano,,m,1,1,,,,,,,
1981,3,17,,,*,Etna,Italy,Italy,37.734,15.004,3350,Stratovolcano,2,,,,,,10,3,,,
1981,3,29,,,*,Semeru,Java,Indonesia,-8.108,112.92,3676,Stratovolcano,3,P,1,1,,,,,,,
1981,4,27,,,*,Alaid,Kuril Is,Russia,50.858,155.55,2339,Stratovolcano,2,,,,,,,1,,,
1981,5,14,,,*,Semeru,Java,Indonesia,-8.108,112.92,3676,Stratovolcano,3,m,372,3,152,3,,,,,
1981,6,30,,,*,Mayon,Luzon-Philippines,Philippines,13.257,123.685,2462,Stratovolcano,,m,200,3,,,,,,,
1981,9,5,,,*,Paluweh,Lesser Sunda Is,Indonesia,-8.32,121.708,875,Stratovolcano,2,P,,,,,,1,,1,
1981,,,,,*,Vilyuchik,Kamchatka,Russia,52.68,158.3,2173,Stratovolcano,,A,,1,,,,,,,
1982,3,28,,Eq,*,"Chichon, El",Mexico,Mexico,17.36,-93.228,1150,Tuff cone,5,"P,T,M,S",1879,4,,,3.3,2,,,
1982,4,4,,,*,"Chichon, El",Mexico,Mexico,17.36,-93.228,1150,Tuff cone,5,P,33,1,,,,,,,
1982,5,17,,,*,Galunggung,Java,Indonesia,-7.25,108.05,2168,Stratovolcano,4,"I,T",68,2,,,15,3,,,
1982,5,27,,,*,"Chichon, El",Mexico,Mexico,17.36,-93.228,1150,Tuff cone,5,m,1,1,,,,,,,
1983,3,8,,,*,Kliuchevskoi,Kamchatka,Russia,56.057,160.638,4835,Stratovolcano,2,T,1,1,,,,,,,
1983,7,23,,,*,Colo [Una Una],Sulawesi-Indonesia,Indonesia,-0.17,121.608,507,Stratovolcano,4,,,,,,,1,,,
1983,8,17,Tsu,,*,Iliwerung,Lesser Sunda Is,Indonesia,-8.54,123.59,1018,Complex volcano,1,W,,,,,,,,,
1983,10,3,,Eq,*,Miyake-jima,Izu Is-Japan,Japan,34.08,139.53,815,Stratovolcano,3,,,,,,,1,,,
1984,8,15,,,*,Oku Volc Field,Africa-W,Cameroon,6.25,10.5,3011,Maar,,G,37,1,,,,,,,
1984,9,9,,,*,Mayon,Luzon-Philippines,Philippines,13.257,123.685,2462,Stratovolcano,3,M,1,1,,,,,,,
1984,9,14,,,*,On-take,Honshu-Japan,Japan,35.9,137.48,3063,Complex volcano,,A,29,1,,,,,,,
1984,10,16,,,*,Etna,Italy,Italy,37.734,15.004,3350,Stratovolcano,3,S,1,1,,,,,,,
1985,5,10,,,*,Semeru,Java,Indonesia,-8.108,112.92,3676,Stratovolcano,3,A,70,2,,,,,,,
1985,11,13,,,*,Ruiz,Colombia,Colombia,4.895,-75.322,5321,Stratovolcano,3,M,23080,4,10000,4,,,,,
1985,12,19,,,*,Etna,Italy,Italy,37.734,15.004,3350,Stratovolcano,1,S,1,1,,,,,,,
1986,5,8,,,*,Akita-Yake-yama,Honshu-Japan,Japan,39.97,140.77,1366,Complex volcano,,G,1,1,,,,,,,
1986,7,24,,,*,Stromboli,Italy,Italy,38.789,15.213,926,Stratovolcano,2,T,1,1,,,,,,,
1986,8,21,,,*,Oku Volc Field,Africa-W,Cameroon,6.25,10.5,3011,Maar,3,G,1700,4,300,3,,,,,
1986,10,15,,,*,Merapi,Java,Indonesia,-7.542,110.442,2947,Stratovolcano,2,M,1,1,,,,,,,
1986,11,15,,,*,Oshima,Izu Is-Japan,Japan,34.73,139.38,758,Stratovolcano,3,I,1,1,,,,,,,
1987,1,25,,,*,Pacaya,Guatemala,Guatemala,14.381,-90.601,2552,Complex volcano,3,,,,15,1,,1,63,2,
1987,4,17,,,*,Etna,Italy,Italy,37.734,15.004,3350,Stratovolcano,2,T,2,1,7,1,,,,,
1987,12,1,,Eq,*,Sirung,Lesser Sunda Is,Indonesia,-8.51,124.148,862,Complex volcano,,,,,,,,,,,
1988,5,9,,,*,Banda Api,Banda Sea,Pacific Ocean,-4.525,129.871,640,Caldera,3,"T,L",4,1,,,,,,,
1988,7,6,,,*,Arenal,Costa Rica,Costa Rica,10.463,-84.703,1657,Stratovolcano,3,T,1,1,,,,,,,
1988,7,30,,,*,Semeru,Java,Indonesia,-8.108,112.92,3676,Stratovolcano,3,T,1,1,,,,,,,
1988,12,25,,,*,Lonquimay,Chile-C,Chile,-38.377,-71.58,2865,Stratovolcano,3,T,1,1,,,,,,,
1988,,,,,*,Akita-Yake-yama,Honshu-Japan,Japan,39.97,140.77,1366,Complex volcano,,I,3,1,,,,,,,
1989,2,12,,,*,Aso,Kyushu-Japan,Japan,32.88,131.1,1592,Caldera,,G,1,1,,,,,,,
1989,8,26,,,*,Kirishima,Kyushu-Japan,Japan,31.93,130.87,1700,Shield volcano,,G,2,1,,,,,,,
1990,2,2,,,*,Shiveluch,Kamchatka,Russia,56.653,161.36,3283,Stratovolcano,3,,,,,,,1,,,
1990,2,10,,,*,Kelut,Java,Indonesia,-7.93,112.308,1731,Stratovolcano,4,"T,P",32,1,,,,,,,
1990,3,26,,,*,Aso,Kyushu-Japan,Japan,32.88,131.1,1592,Caldera,2,G,1,1,,,,,,,
1990,4,18,,,*,Aso,Kyushu-Japan,Japan,32.88,131.1,1592,Caldera,2,G,1,1,,,,,,,
1990,5,29,,,*,Sabancaya,Peru,Peru,-15.78,-71.85,5967,Stratovolcano,3,,,,,,,1,,,
1990,6,24,,,*,Rabaul,New Britain-SW Pac,Papua New Guinea,-4.271,152.203,688,Pyroclastic shield,,G,6,1,,,,,,,
1990,7,19,,,*,Santa Maria,Guatemala,Guatemala,14.756,-91.552,3772,Stratovolcano,3,T,4,1,,,,,,,
1990,10,19,,,*,Aso,Kyushu-Japan,Japan,32.88,131.1,1592,Caldera,2,G,1,1,,,,,,,
1990,11,21,,,*,Nyiragongo,Africa-C,"Congo, DRC",-1.52,29.25,3470,Stratovolcano,,S,1,1,,,,,,,
1990,11,25,,,*,Kelut,Java,Indonesia,-7.93,112.308,1731,Stratovolcano,,m,4,1,,,,,,,
1991,6,3,,,*,Unzen,Kyushu-Japan,Japan,32.75,130.3,1500,Complex volcano,1,P,43,1,,,,,,,
1991,6,15,,Eq,*,Pinatubo,Luzon-Philippines,Philippines,15.13,120.35,1486,Stratovolcano,6,"P,m,I",450,3,4,1,,3,,,40
1991,6,,,,*,Mutnovsky,Kamchatka,Russia,52.453,158.195,2322,Complex volcano,,I,1,1,,,,,,,
1991,7,3,,,*,Karthala,Indian O-W,Comoros,-11.75,43.38,2361,Shield volcano,2,,,,,,,1,,,
1991,8,8,,,*,"Hudson, Cerro",Chile-S,Chile,-45.9,-72.97,1905,Stratovolcano,5,,,,,,,1,,,
1991,10,24,,,*,Lokon-Empung,Sulawesi-Indonesia,Indonesia,1.358,124.792,1580,Stratovolcano,1,"T,P",1,1,,,,,,,
1991,12,14,,,*,Etna,Italy,Italy,37.734,15.004,3350,Stratovolcano,2,,,,,,2.5,2,,,
1992,1,21,,,*,Karangetang [Api Siau],Sangihe Is-Indonesia,Indonesia,2.78,125.48,1784,Stratovolcano,2,M,2,1,,,,,,,
1992,3,18,,,*,Dieng Volc Complex,Java,Indonesia,-7.2,109.92,2565,Complex volcano,,G,1,1,2,1,,,,,
1992,4,10,,,*,"Negro, Cerro",Nicaragua,Nicaragua,12.506,-86.702,728,Cinder cone,3,"T,I",11,1,50,1,3,2,,,
1992,5,11,,,*,Karangetang [Api Siau],Sangihe Is-Indonesia,Indonesia,2.78,125.48,1784,Stratovolcano,1,P,6,1,1,1,,,,,
1992,7,5,,,*,Marapi,Sumatra,Indonesia,-0.381,100.473,2891,Complex volcano,2,T,1,1,5,1,,,,,
1992,7,12,,,*,Pinatubo,Luzon-Philippines,Philippines,15.13,120.35,1486,Stratovolcano,1,m,6,1,,,,,,,
1992,9,17,,,*,Spurr,Alaska-SW,United States,61.3,-152.25,3374,Stratovolcano,3,,,,,,2,2,,,15
1992,,,,,*,Semeru,Java,Indonesia,-8.108,112.92,3676,Stratovolcano,3,T,3,1,,,,,,,
1993,1,14,,,*,Galeras,Colombia,Colombia,1.22,-77.37,4276,Complex volcano,2,T,9,1,,,,,,,
1993,1,21,,,*,Wurlali,Banda Sea,Indonesia,-7.125,128.675,868,Stratovolcano,,m,1,1,12,1,,,,,
1993,2,2,,,*,Mayon,Luzon-Philippines,Philippines,13.257,123.685,2462,Stratovolcano,2,P,75,2,,,,,,,
1993,3,12,,,*,Guagua Pichincha,Ecuador,Ecuador,-0.171,-78.598,4784,Stratovolcano,1,T,2,1,,,,,,,
1993,4,19,,,*,Kilauea,Hawaiian Is,United States,19.425,-155.292,1222,Shield volcano,0,A,1,1,22,1,,,,,
1993,6,13,,,*,Krakatau,Indonesia,Indonesia,-6.102,105.423,813,Caldera,1,T,1,1,5,1,,,,,
1993,6,23,,,*,Unzen,Kyushu-Japan,Japan,32.75,130.3,1500,Complex volcano,1,P,1,1,,,,,,1,
1993,6,26,,,*,Pinatubo,Luzon-Philippines,Philippines,15.13,120.35,1486,Stratovolcano,1,m,4,1,,,,,,,
1993,10,4,,,*,Pinatubo,Luzon-Philippines,Philippines,15.13,120.35,1486,Stratovolcano,,m,14,1,,,,,,,
1994,1,15,,,*,Yasur,Vanuatu-SW Pacific,Vanuatu,-19.52,169.425,361,Stratovolcano,3,T,1,1,,,,,,,
1994,2,3,,,*,Semeru,Java,Indonesia,-8.108,112.92,3676,Stratovolcano,3,P,6,1,,,,,,,
1994,5,29,,,*,Aso,Kyushu-Japan,Japan,32.88,131.1,1592,Caldera,1,G,1,1,,,,,,,
1994,6,6,,,*,Huila,Colombia,Colombia,2.92,-76.05,5365,Stratovolcano,,m,,,,,,,,,
1994,9,19,Tsu,,*,Rabaul,New Britain-SW Pac,Papua New Guinea,-4.271,152.203,688,Pyroclastic shield,3,T,4,1,,,35,4,,,
1994,11,3,,,*,Rinjani,Lesser Sunda Is,Indonesia,-8.42,116.47,3726,Stratovolcano,3,m,31,1,,,,,,,
1994,11,22,,,*,Merapi,Java,Indonesia,-7.542,110.442,2947,Stratovolcano,3,,60,2,,,,,,,
1995,2,4,,,*,Yasur,Vanuatu-SW Pacific,Vanuatu,-19.52,169.425,361,Stratovolcano,3,T,2,1,,,,,,,
1995,2,11,,,*,Yake-dake,Honshu-Japan,Japan,36.22,137.58,2455,Stratovolcano,1,T,4,1,,,,,,,
1995,4,2,,,*,Fogo,Cape Verde Is,Cape Verde,14.95,-24.35,2829,Stratovolcano,2,,,,20,1,,1,10,1,
1995,4,7,,,*,Pacaya,Guatemala,Guatemala,14.381,-90.601,2552,Complex volcano,3,M,1,1,,,,1,1,1,
1995,5,15,,,*,Kelimutu,Lesser Sunda Is,Indonesia,-8.758,121.83,1640,Complex volcano,,,1,1,,,,,,,
1995,9,6,,,*,Parker,Mindanao-Philippines,Philippines,6.12,124.892,1824,Stratovolcano,,,60,2,,,,,300,3,
1996,1,2,Tsu,,*,Karymsky,Kamchatka,Russia,54.05,159.43,1536,Stratovolcano,2,,,,,,,,,,
1996,4,30,,,*,Popocatepetl,Mexico,Mexico,19.023,-98.622,5426,Stratovolcano,3,,5,1,,,,1,,,
1996,8,10,,,*,Kanlaon,Philippines-C,Philippines,10.412,123.132,2435,Stratovolcano,2,T,3,1,18,1,,,,,
1996,9,27,,,*,Maderas,Nicaragua,Nicaragua,11.446,-85.515,1394,Stratovolcano,,m,6,1,,1,,,,,
1996,9,30,,,*,Grimsvotn,Iceland-NE,Iceland,64.42,-17.33,1725,Caldera,3,,,,,,,1,,,
1996,12,3,,,*,Manam,New Guinea-NE of,Papua New Guinea,-4.1,145.061,1807,Stratovolcano,3,P,13,1,29,1,,,,,
1997,1,14,,,*,Merapi,Java,Indonesia,-7.542,110.442,2947,Stratovolcano,2,,6,1,,1,,,,,
1997,4,17,,,*,Karangetang [Api Siau],Sangihe Is-Indonesia,Indonesia,2.78,125.48,1784,Stratovolcano,1,P,3,1,,,,,,,
1997,6,25,,,*,Soufriere Hills,W Indies,Montserrat,16.72,-62.18,915,Stratovolcano,3,P,22,1,,,,,,,
1997,7,12,,,*,Hakkoda Group,Honshu-Japan,Japan,40.65,140.88,1585,Stratovolcano,,G,3,1,,,,,,,
1997,8,1,,,*,Soufriere Hills,W Indies,Montserrat,16.72,-62.18,915,Stratovolcano,3,,2,1,,,,,,,
1997,9,2,,,*,Semeru,Java,Indonesia,-8.108,112.92,3676,Stratovolcano,3,T,2,1,,,,,,,
1997,9,15,,,*,Adatara,Honshu-Japan,Japan,37.62,140.28,1718,Stratovolcano,,G,4,1,,,,,,,
1997,11,23,,,*,Aso,Kyushu-Japan,Japan,32.88,131.1,1592,Caldera,,G,2,1,,,,,,,
1997,12,26,Tsu,,*,Soufriere Hills,W Indies,Montserrat,16.72,-62.18,915,Stratovolcano,,,,,,,,,,,
1998,4,28,,,*,Kilauea,Hawaiian Is,United States,19.425,-155.292,1222,Shield volcano,,L,1,1,,,,,,,
1998,7,,,,*,Kelut,Java,Indonesia,-7.93,112.308,1731,Stratovolcano,,m,10,1,,,,,,,
1998,10,30,,,*,San Cristobal,Nicaragua,Nicaragua,12.702,-87.004,1745,Stratovolcano,,m,1620,4,,,,,,,
1999,1,20,Tsu,,*,Soufriere Hills,W Indies,Montserrat,16.72,-62.18,915,Stratovolcano,3,,,,,,,,,,
1999,5,21,,,*,Fuego,Guatemala,Guatemala,14.473,-90.88,3763,Stratovolcano,2,,,,,,,,,,
1999,8,15,,,*,Shiveluch,Kamchatka,Russia,56.653,161.36,3283,Stratovolcano,4,,,,,,,1,,,
1999,10,5,,,*,Guagua Pichincha,Ecuador,Ecuador,-0.171,-78.598,4784,Stratovolcano,3,T,2,1,,,,,,,
1999,10,16,,,*,Tungurahua,Ecuador,Ecuador,-1.467,-78.442,5023,Stratovolcano,3,T,1,1,4,1,,,,,
2000,6,27,Tsu,Eq,*,Miyake-jima,Izu Is-Japan,Japan,34.08,139.53,815,Stratovolcano,2,,,,,,,1,,,
2000,7,27,,,*,Semeru,Java,Indonesia,-8.108,112.92,3676,Stratovolcano,3,T,2,1,,,,,,,
2000,8,23,,,*,Arenal,Costa Rica,Costa Rica,10.463,-84.703,1657,Stratovolcano,3,P,2,1,1,1,,,,,
2000,11,3,,,*,Kilauea,Hawaiian Is,United States,19.425,-155.292,1222,Shield volcano,,G,2,1,,,,,,,
2000,11,,,,*,Merapi,Java,Indonesia,-7.542,110.442,2947,Stratovolcano,2,A,1,1,,,,,,,
2001,5,14,,,*,Etna,Italy,Italy,37.734,15.004,3350,Stratovolcano,3,,1,1,,,,1,,,
2001,7,26,,,*,Etna,Italy,Italy,37.734,15.004,3350,Stratovolcano,2,,,,,,,1,,1,
2001,8,5,,,*,Merapi,Java,Indonesia,-7.542,110.442,2947,Stratovolcano,2,P,2,1,,,,,,,
2001,10,20,,,*,Stromboli,Italy,Italy,38.789,15.213,926,Stratovolcano,2,T,1,1,,,,,,,
2002,1,3,,,*,Karangetang [Api Siau],Sangihe Is-Indonesia,Indonesia,2.78,125.48,1784,Stratovolcano,3,M,,,,,,1,,1,
2002,1,17,,,*,Nyiragongo,Africa-C,"Congo, DRC",-1.52,29.25,3470,Stratovolcano,1,,100,2,400,3,,3,,3,
2002,8,28,,Eq,*,Etna,Italy,Italy,37.734,15.004,3350,Stratovolcano,3,,,,32,1,,2,,2,
2002,11,3,,,*,Reventador,Ecuador,Ecuador,-0.078,-77.656,3562,Stratovolcano,4,I,,1,,1,,1,,,
2002,12,30,Tsu,,*,Stromboli,Italy,Italy,38.789,15.213,926,Stratovolcano,,,,,,1,,1,,1,
2002,,,,,*,Semeru,Java,Indonesia,-8.108,112.92,3676,Stratovolcano,3,T,3,1,,,,,,,
2003,7,12,Tsu,,*,Soufriere Hills,W Indies,Montserrat,16.72,-62.18,915,Stratovolcano,3,,,,,,,,,,
2004,1,29,,,*,Egon,Lesser Sunda Is,Indonesia,-8.67,122.45,1703,Stratovolcano,1,T,1,1,,,,,,,
2004,6,8,,,*,Tengger Caldera,Java,Indonesia,-7.942,112.95,2329,Stratovolcano,2,T,2,1,5,1,,,,,
2004,10,24,,,*,Manam,New Guinea-NE of,Papua New Guinea,-4.1,145.061,1807,Stratovolcano,4,T,5,1,,,,,,,
2005,1,27,,,*,Manam,New Guinea-NE of,Papua New Guinea,-4.1,145.061,1807,Stratovolcano,4,T,1,1,14,1,,,,,
2005,10,1,,,*,Santa Ana,El Salvador,El Salvador,13.853,-89.63,2365,Stratovolcano,3,A,2,1,,1,,,,,
2005,11,24,,,*,Karthala,Indian O-W,Comoros,-11.75,43.38,2361,Shield volcano,,,,1,,,,1,,,
2006,3,17,,,*,Raoul Island,Kermadec Is,New Zealand,-29.27,-177.92,516,Stratovolcano,,,1,1,,,,,,,
2006,5,20,Tsu,,*,Soufriere Hills,W Indies,Montserrat,16.72,-62.18,915,Stratovolcano,2,P,,,,,,,,,
2006,6,7,,,*,Bulusan,Luzon-Philippines,Philippines,12.77,124.05,1565,Stratovolcano,2,,1,1,,,,,,,
2006,6,14,,,*,Merapi,Java,Indonesia,-7.542,110.442,2947,Stratovolcano,1,,2,1,,,,,,,
2006,7,18,,,*,Tungurahua,Ecuador,Ecuador,-1.467,-78.442,5023,Stratovolcano,3,,1,1,,,,,,,
2006,8,17,,,*,Tungurahua,Ecuador,Ecuador,-1.467,-78.442,5023,Stratovolcano,3,T,5,1,13,1,,3,,3,
2006,11,30,,,*,Mayon,Luzon-Philippines,Philippines,13.257,123.685,2462,Stratovolcano,1,m,1266,4,,,,1,,,
2007,3,,,,*,Manam,New Guinea-NE of,Papua New Guinea,-4.1,145.061,1807,Stratovolcano,4,M,4,1,1,1,,,,,
2007,4,18,,,*,Huila,Colombia,Colombia,2.92,-76.05,5365,Stratovolcano,,,,,,,,2,,1,
2007,7,7,,,*,Salak,Java,Indonesia,-6.72,106.73,2211,Stratovolcano,,G,6,1,,,,,,,
2007,9,30,,,*,"Tair, Jebel at",Red Sea,Yemen,15.7,41.742,244,Stratovolcano,,,7,1,1,1,,,,,
2008,5,2,,,*,Chaiten,Chile-S,Chile,-42.833,-72.646,962,Caldera,,,1,1,,,,,,,
2008,8,8,Tsu,,*,Kasatochi,Aleutian Is,United States,52.18,-175.5,314,Stratovolcano,3,,,,,,,,,,
2008,8,22,,,*,Tungurahua,Ecuador,Ecuador,-1.467,-78.442,5023,Stratovolcano,3,M,2,1,2,1,,1,2,1,
2008,11,20,,,*,Huila,Colombia,Colombia,2.92,-76.05,5365,Stratovolcano,,,10,1,,1,,,,,
2009,3,23,,,*,Redoubt,Alaska-SW,United States,60.48,-152.75,3108,Stratovolcano,,,,,,,,1,,,
2009,11,30,,,*,Kilauea,Hawaiian Is,United States,19.425,-155.292,1222,Shield volcano,,,,,,,,2,,,
2010,1,,,,*,Tungurahua,Ecuador,Ecuador,-1.467,-78.442,5023,Stratovolcano,3,,,,,,,1,,,
2010,3,31,,,*,Eyjafjallajokull,Iceland-S,Iceland,63.63,-19.62,1666,Stratovolcano,2,,2,1,,,,,,,
2010,5,27,,,*,Pacaya,Guatemala,Guatemala,14.381,-90.601,2552,Complex volcano,1,T,1,1,,,,1,3,1,
2010,5,29,Tsu,Eq,*,Sarigan,Mariana Is-C Pacific,United States,16.708,145.78,538,Stratovolcano,,,,,,,,,,,
2010,8,6,,,*,Karangetang [Api Siau],Sangihe Is-Indonesia,Indonesia,2.78,125.48,1784,Stratovolcano,3,,4,1,5,1,,,,1,
2010,8,30,,,*,Sinabung,Sumatra,Indonesia,3.17,98.392,2460,Stratovolcano,,,2,1,,,,,,,
2010,10,26,,,*,Merapi,Java,Indonesia,-7.542,110.442,2947,Stratovolcano,,,367,3,277,3,600,4,,3,
2010,11,,,,*,Tungurahua,Ecuador,Ecuador,-1.467,-78.442,5023,Stratovolcano,3,,,,,,,1,,,
2010,12,28,,,*,Tengger Caldera,Java,Indonesia,-7.942,112.95,2329,Stratovolcano,,,,,,,,1,,,
2011,1,3,,,*,Merapi,Java,Indonesia,-7.542,110.442,2947,Stratovolcano,,M,1,1,1,1,,1,,,
2011,1,28,,,*,Kirishima,Kyushu-Japan,Japan,31.93,130.87,1700,Shield volcano,,,,,,1,,1,,,
2011,2,23,,,*,Bulusan,Luzon-Philippines,Philippines,12.77,124.05,1565,Stratovolcano,2,,1,1,,,,,,,
2011,3,18,,,*,Karangetang [Api Siau],Sangihe Is-Indonesia,Indonesia,2.78,125.48,1784,Stratovolcano,,,,,,,,1,,,
2011,4,,,,*,Tungurahua,Ecuador,Ecuador,-1.467,-78.442,5023,Stratovolcano,4,,,,,,,1,,,
2011,6,4,,,*,Puyehue,Chile-C,Chile,-40.59,-72.117,2236,Stratovolcano,4,,,,,,,2,,,
2011,6,22,,,*,Nabro,Africa-NE,Eritrea,13.37,41.7,2218,Stratovolcano,3,,31,1,,3,,1,,,
2011,7,9,,,*,Katla,Iceland-S,Iceland,63.63,-19.05,1512,Subglacial volcano,,,,,,,,1,,,
2011,7,17,,,*,Lokon-Empung,Sulawesi-Indonesia,Indonesia,1.358,124.792,1580,Stratovolcano,,,1,1,,,,,,,
2011,12,27,,,*,Gamalama,Halmahera-Indonesia,Indonesia,0.8,127.325,1715,Stratovolcano,3,m,4,1,,1,,,,,
2012,2,10,,,*,Kilauea,Hawaiian Is,United States,19.425,-155.292,1222,Shield volcano,,,,,,,,2,,,
2012,3,2,,,*,Kilauea,Hawaiian Is,United States,19.425,-155.292,1222,Shield volcano,,L,,,,,,1,1,1,
2012,12,12,,,*,Tolbachik,Kamchatka,Russia,55.83,160.33,3682,Shield volcano,,,,,,,,1,,,
2013,2,12,,,*,Merapi,Java,Indonesia,-7.542,110.442,2947,Stratovolcano,,M,1,1,1,1,,1,,,
2013,2,,,,*,Paluweh,Lesser Sunda Is,Indonesia,-8.32,121.708,875,Stratovolcano,,,,,,,,1,,1,
2013,5,7,,,*,Mayon,Luzon-Philippines,Philippines,13.257,123.685,2462,Stratovolcano,,,5,1,8,1,,,,,
2013,8,10,,,*,Paluweh,Lesser Sunda Is,Indonesia,-8.32,121.708,875,Stratovolcano,3,,5,1,,,,,,,
2013,9,1,,,*,Ubinas,Peru,Peru,-16.355,-70.903,5672,Stratovolcano,,,,,,,,1,,,
2013,9,4,,,*,Sakura-jima,Kyushu-Japan,Japan,31.58,130.67,1117,Stratovolcano,,,,,,,,1,,,
2013,9,15,,,*,Sinabung,Sumatra,Indonesia,3.17,98.392,2460,Stratovolcano,2,,,,,,,2,,,
2013,12,13,,,*,Okataina,New Zealand,New Zealand,-38.12,176.5,1111,Lava dome,,G,1,1,,,,,,,
2014,2,1,,,*,Sinabung,Sumatra,Indonesia,3.17,98.392,2460,Stratovolcano,,,17,1,3,1,,1,,2,
2014,2,13,,,*,Kelut,Java,Indonesia,-7.93,112.308,1731,Stratovolcano,,,7,1,,,,3,4098,4,
2014,9,27,,,*,On-take,Honshu-Japan,Japan,35.9,137.48,3063,Complex volcano,3,,55,2,70,2,,,,,
2014,11,10,,,*,Kilauea,Hawaiian Is,United States,19.425,-155.292,1222,Shield volcano,,,,,,,14.5,3,1,1,
2014,11,23,,,*,Fogo,Cape Verde Is,Cape Verde,14.95,-24.35,2829,Stratovolcano,,,,,,,,2,230,3,
2014,12,18,,,*,Gamalama,Halmahera-Indonesia,Indonesia,0.8,127.325,1715,Stratovolcano,,,1,1,4,1,,,,,
2015,2,20,,,*,Sinabung,Sumatra,Indonesia,3.17,98.392,2460,Stratovolcano,,,,,,,,1,,1,
2015,4,22,,,*,Calbuco,Chile-S,Chile,-41.326,-72.614,2003,Stratovolcano,,,,,,,,2,,2,
2015,5,7,,,*,Karangetang [Api Siau],Sangihe Is-Indonesia,Indonesia,2.78,125.48,1784,Stratovolcano,,,,,,,,1,,1,
2015,7,31,,,*,Manam,New Guinea-NE of,Papua New Guinea,-4.1,145.061,1807,Stratovolcano,2,,,,2,1,,1,,,
2015,10,16,,,*,Sinabung,Sumatra,Indonesia,3.17,98.392,2460,Stratovolcano,,M,1,1,,,,1,,,
2015,10,,,,*,Okataina,New Zealand,New Zealand,-38.12,176.5,1111,Lava dome,,I,1,1,,,,,,,
2016,5,9,,,*,Sinabung,Sumatra,Indonesia,3.17,98.392,2460,Stratovolcano,,,1,1,4,1,,1,3,1,
2016,5,21,,,*,Sinabung,Sumatra,Indonesia,3.17,98.392,2460,Stratovolcano,,,7,1,3,1,100,4,,,
2016,6,9,,,*,Yellowstone,US-Wyoming,United States,44.43,-110.67,2805,Caldera,,,1,1,,,,,,,
2016,9,27,,,*,Rinjani,Lesser Sunda Is,Indonesia,-8.42,116.47,3726,Stratovolcano,,,,,,,,,,,
2016,10,8,,,*,Aso,Kyushu-Japan,Japan,32.88,131.1,1592,Caldera,,T,,,,,,1,,,
2017,4,13,,,*,Sinabung,Sumatra,Indonesia,3.17,98.392,2460,Stratovolcano,2,P,,,,,,1,,2,
2017,7,1,,,*,Dieng Volc Complex,Java,Indonesia,-7.2,109.92,2565,Complex volcano,,,8,1,11,1,,,,,
2017,9,12,,,*,Campi Flegrei,Italy,Italy,40.827,14.139,458,Caldera,,,3,1,,,,,,,
2017,9,23,,,*,Aoba,Vanuatu-SW Pacific,Vanuatu,-15.4,167.83,1496,Shield volcano,,T,,,,,,1,,,
2017,10,29,,,*,Kilauea,Hawaiian Is,United States,19.425,-155.292,1222,Shield volcano,,,1,1,,,,,,,